Site,Col_Company,Col_Recruit,Col_detail,Col_url
Saramin,로버트월터스코리아(주),[IT/데이터분석] Data Analyst,서울중구 / 경력3년↑ / 대졸↑ / 정규직,https://www.saramin.co.kr/zf_user/jobs/relay/view?view_type=search&rec_idx=50370820&location=ts&searchword=%EB%8D%B0%EC%9D%B4%ED%84%B0%EB%B6%84%EC%84%9D&searchType=search&paid_fl=n&search_uuid=462569ed-5403-4ecb-8563-cfb2da4f1bda
Saramin,한패스(주),[한패스(주)/데이터분석팀] Google Analytics 데이터분석가,서울성동구 / 경력 / 대졸↑ / 정규직,https://www.saramin.co.kr/zf_user/jobs/relay/view?view_type=search&rec_idx=50187612&location=ts&searchword=%EB%8D%B0%EC%9D%B4%ED%84%B0%EB%B6%84%EC%84%9D&searchType=search&paid_fl=n&search_uuid=462569ed-5403-4ecb-8563-cfb2da4f1bda
Saramin,HR컨설팅(주),유통대기업 데이터분석가 책임 8-12년,서울강남구 / 경력 4~20년 / 대졸↑ / 정규직,https://www.saramin.co.kr/zf_user/jobs/relay/view?view_type=search&rec_idx=50334981&location=ts&searchword=%EB%8D%B0%EC%9D%B4%ED%84%B0%EB%B6%84%EC%84%9D&searchType=search&paid_fl=n&search_uuid=462569ed-5403-4ecb-8563-cfb2da4f1bda
Saramin,(주)에이블리코퍼레이션,[에이블리] 데이터 분석가 (채용 연계형 인턴),서울서초구 / 신입 / 학력무관 / 인턴직 / 230 만원,https://www.saramin.co.kr/zf_user/jobs/relay/view?view_type=search&rec_idx=50326476&location=ts&searchword=%EB%8D%B0%EC%9D%B4%ED%84%B0%EB%B6%84%EC%84%9D&searchType=search&paid_fl=n&search_uuid=462569ed-5403-4ecb-8563-cfb2da4f1bda
Saramin,쿠팡풀필먼트서비스(유),[쿠팡 시흥1센터] 물류센터 데이터 분석 현장관리자 채용,경기시흥시 / 경력무관 / 학력무관 / 정규직,https://www.saramin.co.kr/zf_user/jobs/relay/view?view_type=search&rec_idx=50365480&location=ts&searchword=%EB%8D%B0%EC%9D%B4%ED%84%B0%EB%B6%84%EC%84%9D&searchType=search&paid_fl=n&search_uuid=462569ed-5403-4ecb-8563-cfb2da4f1bda
Saramin,(주)한국정보통계,[통계팀] 데이터 분석가(사회조사분석사),전북전주시 완산구 / 경력무관 / 초대졸↑ / 정규직,https://www.saramin.co.kr/zf_user/jobs/relay/view?view_type=search&rec_idx=50374309&location=ts&searchword=%EB%8D%B0%EC%9D%B4%ED%84%B0%EB%B6%84%EC%84%9D&searchType=search&paid_fl=n&search_uuid=462569ed-5403-4ecb-8563-cfb2da4f1bda
Saramin,콘센트릭스서비스코리아(유),[Catalyst] GA/AA 데이터분석,서울강남구 / 경력 1~11년 / 학력무관 / 정규직,https://www.saramin.co.kr/zf_user/jobs/relay/view?view_type=search&rec_idx=50073613&location=ts&searchword=%EB%8D%B0%EC%9D%B4%ED%84%B0%EB%B6%84%EC%84%9D&searchType=search&paid_fl=n&search_uuid=462569ed-5403-4ecb-8563-cfb2da4f1bda
Saramin,(주)씨아이템프러리,현대카드 카드OP기획팀  채용 / 데이터 업무 / 실적 분석 업무,서울영등포구 / 경력무관 / 학력무관 / 계약직,https://www.saramin.co.kr/zf_user/jobs/relay/view?view_type=search&rec_idx=50168292&location=ts&searchword=%EB%8D%B0%EC%9D%B4%ED%84%B0%EB%B6%84%EC%84%9D&searchType=search&paid_fl=n&search_uuid=462569ed-5403-4ecb-8563-cfb2da4f1bda
Saramin,(주)전북은행,데이터분석가 경력직 모집,전북전주시 덕진구 / 경력10년↑ / 대졸↑ / 계약직,https://www.saramin.co.kr/zf_user/jobs/relay/view?view_type=search&rec_idx=50320168&location=ts&searchword=%EB%8D%B0%EC%9D%B4%ED%84%B0%EB%B6%84%EC%84%9D&searchType=search&paid_fl=n&search_uuid=462569ed-5403-4ecb-8563-cfb2da4f1bda
Saramin,한국평가데이터(주),[서비스운영 및 데이터분석] 2025년 한국평가데이터 계약직원,서울영등포구 / 경력무관 / 대졸↑ / 계약직,https://www.saramin.co.kr/zf_user/jobs/relay/view?view_type=search&rec_idx=50158018&location=ts&searchword=%EB%8D%B0%EC%9D%B4%ED%84%B0%EB%B6%84%EC%84%9D&searchType=search&paid_fl=n&search_uuid=462569ed-5403-4ecb-8563-cfb2da4f1bda
Saramin,닐슨아이큐서비스코리아(유),[데이터분석] Global Strategic Account Management팀,서울중구 / 경력무관 / 대졸↑ / 계약직,https://www.saramin.co.kr/zf_user/jobs/relay/view?view_type=search&rec_idx=49965174&location=ts&searchword=%EB%8D%B0%EC%9D%B4%ED%84%B0%EB%B6%84%EC%84%9D&searchType=search&paid_fl=n&search_uuid=462569ed-5403-4ecb-8563-cfb2da4f1bda
Saramin,(주)마크클라우드,"AI 개발(Python), 데이터분석 및 사업 기획 모집",서울강남구 / 신입·경력 / 대졸↑ / 정규직,https://www.saramin.co.kr/zf_user/jobs/relay/view?view_type=search&rec_idx=50330710&location=ts&searchword=%EB%8D%B0%EC%9D%B4%ED%84%B0%EB%B6%84%EC%84%9D&searchType=search&paid_fl=n&search_uuid=462569ed-5403-4ecb-8563-cfb2da4f1bda
Saramin,(주)마크클라우드,"AI 개발(Python), 데이터분석 및 사업 기획 인턴 모집",서울강남구 / 경력무관 / 대졸↑ / 인턴직,https://www.saramin.co.kr/zf_user/jobs/relay/view?view_type=search&rec_idx=50361543&location=ts&searchword=%EB%8D%B0%EC%9D%B4%ED%84%B0%EB%B6%84%EC%84%9D&searchType=search&paid_fl=n&search_uuid=462569ed-5403-4ecb-8563-cfb2da4f1bda
Saramin,유카시스템(주),[데이터분석] 운전자 운전성향분석 빅데이터 관리 및 분,경기고양시 덕양구 / 경력2년↑ / 초대졸↑ / 정규직,https://www.saramin.co.kr/zf_user/jobs/relay/view?view_type=search&rec_idx=49997465&location=ts&searchword=%EB%8D%B0%EC%9D%B4%ED%84%B0%EB%B6%84%EC%84%9D&searchType=search&paid_fl=n&search_uuid=462569ed-5403-4ecb-8563-cfb2da4f1bda
Saramin,메가존클라우드(주),데이터 분석가 채용,서울강남구 / 경력무관 / 학력무관 / 정규직,https://www.saramin.co.kr/zf_user/jobs/relay/view?view_type=search&rec_idx=50052854&location=ts&searchword=%EB%8D%B0%EC%9D%B4%ED%84%B0%EB%B6%84%EC%84%9D&searchType=search&paid_fl=n&search_uuid=462569ed-5403-4ecb-8563-cfb2da4f1bda
Saramin,콘센트릭스서비스코리아(유),[Catalyst] 데이터 분석가 (과장급),서울강남구 / 경력5년↑ / 학력무관 / 정규직,https://www.saramin.co.kr/zf_user/jobs/relay/view?view_type=search&rec_idx=50073562&location=ts&searchword=%EB%8D%B0%EC%9D%B4%ED%84%B0%EB%B6%84%EC%84%9D&searchType=search&paid_fl=n&search_uuid=462569ed-5403-4ecb-8563-cfb2da4f1bda
Saramin,(주)심네트,"데이터 분석(국방분야) 전문 분석관 모집(IT, 데이터 분석)",서울용산구 / 신입 / 대졸↑ / 정규직·계약직,https://www.saramin.co.kr/zf_user/jobs/relay/view?view_type=search&rec_idx=50202595&location=ts&searchword=%EB%8D%B0%EC%9D%B4%ED%84%B0%EB%B6%84%EC%84%9D&searchType=search&paid_fl=n&search_uuid=462569ed-5403-4ecb-8563-cfb2da4f1bda
Saramin,에이치디씨랩스(주),[HDC랩스] 리서치팀 부동산데이터구축 및 분석 부문 경력직 채용,서울서초구 / 경력1년↑ / 대졸↑ / 정규직,https://www.saramin.co.kr/zf_user/jobs/relay/view?view_type=search&rec_idx=50222999&location=ts&searchword=%EB%8D%B0%EC%9D%B4%ED%84%B0%EB%B6%84%EC%84%9D&searchType=search&paid_fl=n&search_uuid=462569ed-5403-4ecb-8563-cfb2da4f1bda
Saramin,(주)케이에스씨앤씨,[신입] 신용평가/금융데이터분석 컨설팅 인재 채용,서울영등포구 / 신입 / 대졸↑ / 정규직,https://www.saramin.co.kr/zf_user/jobs/relay/view?view_type=search&rec_idx=50248252&location=ts&searchword=%EB%8D%B0%EC%9D%B4%ED%84%B0%EB%B6%84%EC%84%9D&searchType=search&paid_fl=n&search_uuid=462569ed-5403-4ecb-8563-cfb2da4f1bda
Saramin,넛지헬스케어(주),[캐시워크] 데이터분석 담당 채용전환형 인턴,서울강남구 / 신입 / 대졸↑ / 인턴직,https://www.saramin.co.kr/zf_user/jobs/relay/view?view_type=search&rec_idx=50202952&location=ts&searchword=%EB%8D%B0%EC%9D%B4%ED%84%B0%EB%B6%84%EC%84%9D&searchType=search&paid_fl=n&search_uuid=462569ed-5403-4ecb-8563-cfb2da4f1bda
Saramin,(주)지바이크,[공유모빌리티 No.1 지쿠] 전략마케팅팀 데이터분석 전문가 모집,서울강남구 / 경력3년↑ / 대졸↑ / 정규직,https://www.saramin.co.kr/zf_user/jobs/relay/view?view_type=search&rec_idx=49890333&location=ts&searchword=%EB%8D%B0%EC%9D%B4%ED%84%B0%EB%B6%84%EC%84%9D&searchType=search&paid_fl=n&search_uuid=462569ed-5403-4ecb-8563-cfb2da4f1bda
Saramin,(주)씨아이템프러리,현대카드 본사 카드금융마케팅팀 사무직 채용/데이터분석/마케팅,서울영등포구 / 경력무관 / 학력무관 / 계약직,https://www.saramin.co.kr/zf_user/jobs/relay/view?view_type=search&rec_idx=50354859&location=ts&searchword=%EB%8D%B0%EC%9D%B4%ED%84%B0%EB%B6%84%EC%84%9D&searchType=search&paid_fl=n&search_uuid=462569ed-5403-4ecb-8563-cfb2da4f1bda
Saramin,(주)마티니아이오,(주)마티니 아이오 Data Analyst (데이터 분석가),서울서초구 / 경력1년↑ / 학력무관 / 정규직,https://www.saramin.co.kr/zf_user/jobs/relay/view?view_type=search&rec_idx=50378382&location=ts&searchword=%EB%8D%B0%EC%9D%B4%ED%84%B0%EB%B6%84%EC%84%9D&searchType=search&paid_fl=n&search_uuid=462569ed-5403-4ecb-8563-cfb2da4f1bda
Saramin,(주)메이크인,[여의도/자체직전환/신입가능]나이스평가정보 데이터분석 채용,"서울영등포구 / 경력무관 / 초대졸↑ / 계약직·파견직 / 3,000 만원",https://www.saramin.co.kr/zf_user/jobs/relay/view?view_type=search&rec_idx=50295057&location=ts&searchword=%EB%8D%B0%EC%9D%B4%ED%84%B0%EB%B6%84%EC%84%9D&searchType=search&paid_fl=n&search_uuid=462569ed-5403-4ecb-8563-cfb2da4f1bda
Saramin,(주)크레이버코퍼레이션,[ Craver ] 글로벌 뷰티 화장품 브랜드 SKIN1004 데이터 분석 인턴 채용,서울강남구 / 신입·경력 / 학력무관 / 인턴직,https://www.saramin.co.kr/zf_user/jobs/relay/view?view_type=search&rec_idx=50269659&location=ts&searchword=%EB%8D%B0%EC%9D%B4%ED%84%B0%EB%B6%84%EC%84%9D&searchType=search&paid_fl=n&search_uuid=462569ed-5403-4ecb-8563-cfb2da4f1bda
Saramin,(주)멋쟁이사자처럼,[(주)멋쟁이자사처럼] KDT 데이터분석 부트캠프 보조강사,서울종로구 / 경력무관 / 학력무관 / 프리랜서,https://www.saramin.co.kr/zf_user/jobs/relay/view?view_type=search&rec_idx=50235861&location=ts&searchword=%EB%8D%B0%EC%9D%B4%ED%84%B0%EB%B6%84%EC%84%9D&searchType=search&paid_fl=n&search_uuid=462569ed-5403-4ecb-8563-cfb2da4f1bda
Saramin,(주)두호코퍼레이션,인플루언서 전략/데이터 분석가 모집,서울강남구 / 경력1년↑ / 초대졸↑ / 정규직,https://www.saramin.co.kr/zf_user/jobs/relay/view?view_type=search&rec_idx=50351455&location=ts&searchword=%EB%8D%B0%EC%9D%B4%ED%84%B0%EB%B6%84%EC%84%9D&searchType=search&paid_fl=n&search_uuid=462569ed-5403-4ecb-8563-cfb2da4f1bda
Saramin,(주)아데코코리아,[을지로입구/미국계제약사] 전략기획 & 데이터 분석,서울중구 / 경력2년↑ / 대졸↑ / 계약직,https://www.saramin.co.kr/zf_user/jobs/relay/view?view_type=search&rec_idx=50294550&location=ts&searchword=%EB%8D%B0%EC%9D%B4%ED%84%B0%EB%B6%84%EC%84%9D&searchType=search&paid_fl=n&search_uuid=462569ed-5403-4ecb-8563-cfb2da4f1bda
Saramin,(주)히어로웍스,데이터/AI 기획 및 분석가(신입/경력) 모집,부산해운대구 / 신입·경력 / 초대졸↑ / 정규직,https://www.saramin.co.kr/zf_user/jobs/relay/view?view_type=search&rec_idx=50166191&location=ts&searchword=%EB%8D%B0%EC%9D%B4%ED%84%B0%EB%B6%84%EC%84%9D&searchType=search&paid_fl=n&search_uuid=462569ed-5403-4ecb-8563-cfb2da4f1bda
Saramin,쿠팡(주),[쿠팡] Business Analyst (비즈니스 데이터 분석) 경력자,서울송파구 / 경력 5~18년 / 대졸↑ / 정규직,https://www.saramin.co.kr/zf_user/jobs/relay/view?view_type=search&rec_idx=50374874&location=ts&searchword=%EB%8D%B0%EC%9D%B4%ED%84%B0%EB%B6%84%EC%84%9D&searchType=search&paid_fl=n&search_uuid=462569ed-5403-4ecb-8563-cfb2da4f1bda
Saramin,안진회계법인,[딜로이트 안진회계법인] 금융기관 데이터 분석 전문가,서울영등포구 / 경력 5~10년 / 대졸↑ / 정규직,https://www.saramin.co.kr/zf_user/jobs/relay/view?view_type=search&rec_idx=50221378&location=ts&searchword=%EB%8D%B0%EC%9D%B4%ED%84%B0%EB%B6%84%EC%84%9D&searchType=search&paid_fl=n&search_uuid=462569ed-5403-4ecb-8563-cfb2da4f1bda
Saramin,(주)딜리버드코리아,[딜리버드코리아] 데이터 분석가 / 데이터 사이언티스트 모집,부산해운대구 / 경력 / 학력무관 / 정규직,https://www.saramin.co.kr/zf_user/jobs/relay/view?view_type=search&rec_idx=50272945&location=ts&searchword=%EB%8D%B0%EC%9D%B4%ED%84%B0%EB%B6%84%EC%84%9D&searchType=search&paid_fl=n&search_uuid=462569ed-5403-4ecb-8563-cfb2da4f1bda
Saramin,(주)데이터마케팅코리아,[데이터컨설턴트]고객 문제 정의부터 분석까지 리딩할 인재 모집,서울강남구 / 경력3년↑ / 대졸↑ / 정규직,https://www.saramin.co.kr/zf_user/jobs/relay/view?view_type=search&rec_idx=50304004&location=ts&searchword=%EB%8D%B0%EC%9D%B4%ED%84%B0%EB%B6%84%EC%84%9D&searchType=search&paid_fl=n&search_uuid=462569ed-5403-4ecb-8563-cfb2da4f1bda
Saramin,제이앤씨(주),[장애인전형/사무직] 데이터 분석 담당 인재 채용,"서울구로구 / 경력무관 / 고졸↑ / 계약직 / 3,440 만원",https://www.saramin.co.kr/zf_user/jobs/relay/view?view_type=search&rec_idx=50375226&location=ts&searchword=%EB%8D%B0%EC%9D%B4%ED%84%B0%EB%B6%84%EC%84%9D&searchType=search&paid_fl=n&search_uuid=462569ed-5403-4ecb-8563-cfb2da4f1bda
Saramin,넛지헬스케어(주),[넛지헬스케어] 데이터분석가 - 석사/박사,서울강남구 / 경력무관 / 석사↑ / 정규직,https://www.saramin.co.kr/zf_user/jobs/relay/view?view_type=search&rec_idx=50202924&location=ts&searchword=%EB%8D%B0%EC%9D%B4%ED%84%B0%EB%B6%84%EC%84%9D&searchType=search&paid_fl=n&search_uuid=462569ed-5403-4ecb-8563-cfb2da4f1bda
Saramin,(주)트리플하이엠,[연구소] 온라인 마케팅 데이터 분석 및 설계 (경력),서울금천구 / 경력1년↑ / 대졸↑ / 정규직,https://www.saramin.co.kr/zf_user/jobs/relay/view?view_type=search&rec_idx=50306090&location=ts&searchword=%EB%8D%B0%EC%9D%B4%ED%84%B0%EB%B6%84%EC%84%9D&searchType=search&paid_fl=n&search_uuid=462569ed-5403-4ecb-8563-cfb2da4f1bda
Saramin,넛지헬스케어(주),[넛지헬스케어] 데이터분석 담당 산업기능요원 (병역특례),서울강남구 / 경력무관 / 학력무관 / 산업기능요원·현역,https://www.saramin.co.kr/zf_user/jobs/relay/view?view_type=search&rec_idx=50202943&location=ts&searchword=%EB%8D%B0%EC%9D%B4%ED%84%B0%EB%B6%84%EC%84%9D&searchType=search&paid_fl=n&search_uuid=462569ed-5403-4ecb-8563-cfb2da4f1bda
Saramin,(주)크레버스,[크레버스] 브랜드 마케팅팀 데이터 분석 및 기획 채용,서울강남구 / 경력 3~8년 / 학력무관 / 정규직,https://www.saramin.co.kr/zf_user/jobs/relay/view?view_type=search&rec_idx=50304696&location=ts&searchword=%EB%8D%B0%EC%9D%B4%ED%84%B0%EB%B6%84%EC%84%9D&searchType=search&paid_fl=n&search_uuid=462569ed-5403-4ecb-8563-cfb2da4f1bda
Saramin,(주)전북은행,CRM마케팅 & 데이터 분석 경력직 모집,전북전주시 덕진구 / 경력3년↑ / 대졸↑ / 계약직,https://www.saramin.co.kr/zf_user/jobs/relay/view?view_type=search&rec_idx=50320796&location=ts&searchword=%EB%8D%B0%EC%9D%B4%ED%84%B0%EB%B6%84%EC%84%9D&searchType=search&paid_fl=n&search_uuid=462569ed-5403-4ecb-8563-cfb2da4f1bda
Saramin,아토씨앤씨,[ATO C&C] AI 빅데이터 분석 및 기획자(신입/경력) 채용,부산해운대구 / 신입·경력 / 초대졸↑ / 정규직,https://www.saramin.co.kr/zf_user/jobs/relay/view?view_type=search&rec_idx=50331011&location=ts&searchword=%EB%8D%B0%EC%9D%B4%ED%84%B0%EB%B6%84%EC%84%9D&searchType=search&paid_fl=n&search_uuid=462569ed-5403-4ecb-8563-cfb2da4f1bda
